<?xml version="1.0" encoding="UTF-8"?>

<beans xmlns="http://www.springframework.org/schema/beans"
    xmlns:xsi="http://www.w3.org/2001/XMLSchema-instance"
    xmlns:context="http://www.springframework.org/schema/context"
    xsi:schemaLocation="http://www.springframework.org/schema/beans
    http://www.springframework.org/schema/beans/spring-beans-3.0.xsd
    http://www.springframework.org/schema/context
    http://www.springframework.org/schema/context/spring-context-3.0.xsd">
    
   <!-- <bean id="s2" class="com.auribises.Student" init-method="myInit" destroy-method="myDestroy"> -->
   <bean id="s2" class="com.auribises.Student" scope="prototype">
       <property name="roll" value="102"/>
       <property name="name" value="Jennie"/>
       <property name="age" value="21"/>
   </bean>
   
<!--     <bean id="s3" class="com.auribises.Student">
       <property name="roll" value="103"/>
       <property name="name" value="Jack"/>
       <property name="age" value="22"/>
   </bean> -->

</beans>