<?xml version="1.0" encoding="utf-8"?>
<!DOCTYPE hibernate-mapping PUBLIC 
 "-//Hibernate/Hibernate Mapping DTD//EN"
 "http://www.hibernate.org/dtd/hibernate-mapping-3.0.dtd"> 

<hibernate-mapping>
   <class name="com.auribises.CA" table="INHERITANCE" discriminator-value="CA">
      <id name="id" column="ID">
         <generator class="increment"/>
      </id>
      <discriminator column="TYPE" type="string"/>
      <property name="a" column="A"/>
    
      <subclass name="com.auribises.CB" discriminator-value="CB">
      	<property name="b" column="B"/>
      	     <subclass name="com.auribises.CC" discriminator-value="CC">
      			<property name="c" column="C"/>
      		</subclass>
      </subclass>
    
   </class>	
   
</hibernate-mapping>