<?xml version="1.0" encoding="utf-8"?>
<!DOCTYPE hibernate-mapping PUBLIC 
 "-//Hibernate/Hibernate Mapping DTD//EN"
 "http://www.hibernate.org/dtd/hibernate-mapping-3.0.dtd"> 

<hibernate-mapping>
	
   <class name="com.auribises.Manager" table="MANAGER">
   <cache usage="read-only"/>
      <id name="mid" column="MID">
         <generator class="increment"/>
      </id>
      <property name="name" column="MNAME"/>
      <property name="salary" column="MSALARY"/>
      
      <list name="certiList" cascade="all">
      	<key column="MANAGERID"/>
      	<list-index column="idx"/>
      	<one-to-many class="com.auribises.Certificate"/>
      </list>
      
   </class>	
   
    <class name="com.auribises.Certificate" table="CERTIFICATE">
      <id name="cid" column="CID">
         <generator class="increment"/>
      </id>
      <property name="cname" column="CNAME"/>
   </class>
   
</hibernate-mapping>