<?xml version="1.0" encoding="utf-8"?>
<!DOCTYPE hibernate-mapping PUBLIC 
 "-//Hibernate/Hibernate Mapping DTD//EN"
 "http://www.hibernate.org/dtd/hibernate-mapping-3.0.dtd"> 

<hibernate-mapping>
   <class name="com.auribises.User" table="USER">
      <id name="uid" column="UID">
         <generator class="increment"/>
      </id>
      <property name="name" column="ENAME"/>
      <property name="age" column="EAGE"/>
      <one-to-one name="adrs" class="com.auribises.Address" cascade="all"/>
   </class>	
   
    <class name="com.auribises.Address" table="ADDRESS">
      <id name="aid" column="AID">
         <generator class="foreign">
         	<param name="property">user</param>
         </generator>
      </id>
      <property name="adrsLine" column="ADRSLINE"/>
      <property name="city" column="CITY"/>
      <property name="state" column="STATE"/>
      <property name="zipCode" column="ZIPCODE"/>
      <one-to-one name="user" class="com.auribises.User" cascade="all" constrained="true"/>
   </class>
   
</hibernate-mapping>