<?xml version="1.0" encoding="UTF-8"?>
<!DOCTYPE hibernate-configuration PUBLIC
		"-//Hibernate/Hibernate Configuration DTD 3.0//EN"
		"http://hibernate.sourceforge.net/hibernate-configuration-3.0.dtd">
<hibernate-configuration>
    <session-factory>
        <property name="hibernate.connection.driver_class">com.mysql.jdbc.Driver</property>
        <property name="hibernate.connection.url">jdbc:mysql://localhost/GW2017EE</property>
        <property name="hibernate.connection.username">root</property>
        <property name="connection.password"></property>
        <property name="connection.pool_size">10</property>
        <property name="hibernate.dialect">org.hibernate.dialect.MySQLDialect</property>
        <property name="show_sql">true</property>
        <property name="hibernate.use.query_cache">true</property>
        <property name="hibernate.jdbc.batch_size">100</property>
        <property name="hibernate.hbm2ddl.auto">update</property>               
        <mapping resource="user.hbm.xml"/>
    </session-factory>
</hibernate-configuration>
